{"FLOW.bytes_toclient": {"mean": 0.0, "std": 0.8019078172498075, "n": 30510}, "FLOW.bytes_toserver": {"mean": 23.962930186824078, "std": 58.93070440828912, "n": 30510}, "FLOW.duration": {"mean": 3.17928548017044e-06, "std": 7.25742595609617e-05, "n": 30510}, "FLOW.min_rtt": {"mean": 0.0, "std": 0.8019078172498075, "n": 30510}, "IP.hdr_len": {"mean": 20.0, "std": 0.8019078172498075, "n": 30510}, "IP.tot_len": {"mean": 63.48439855784979, "std": 54.78679981403005, "n": 30510}, "IP.ttl": {"mean": 199.1350704686999, "std": 81.18721293621819, "n": 30510}, "IP.tos": {"mean": 0.0, "std": 0.8019078172498075, "n": 30510}, "IP.flags": {"mean": 0.0, "std": 0.8019078172498075, "n": 30510}, "IP.id": {"mean": 0.0, "std": 0.8019078172498075, "n": 30510}, "IP.protocol": {"mean": 6.468731563421806, "std": 4.3741246364159805, "n": 30510}, "ICMP.code": {"mean": 0.0, "std": 0.8019078172498075, "n": 30510}, "ICMP.id": {"mean": 0.0, "std": 0.8019078172498075, "n": 30510}, "ICMP.seq": {"mean": 0.0, "std": 0.8019078172498075, "n": 30510}, "ICMP.type": {"mean": 1.4196001311045585, "std": 3.056442819052758, "n": 30510}, "TCP.ack_seq": {"mean": 0.0, "std": 0.8019078172498075, "n": 30510}, "TCP.dest_port": {"mean": 20.0478531628974, "std": 107.16862675599188, "n": 30510}, "TCP.hdr_len": {"mean": 17.115699770567183, "std": 12.24159111970415, "n": 30510}, "TCP.src_port": {"mean": 2.2370370370370356, "std": 31.032244862167033, "n": 30510}, "TCP.seq": {"mean": 0.0, "std": 0.8019078172498075, "n": 30510}, "TCP.urg_ptr": {"mean": 0.0, "std": 0.8019078172498075, "n": 30510}, "TCP.window": {"mean": 0.19665683382497545, "std": 6.268491107091013, "n": 30510}, "UDP.dest_port": {"mean": 1.4543428384136348, "std": 21.8019009500627, "n": 30510}, "UDP.len": {"mean": 18.10000000000004, "std": 61.0713376267794, "n": 30510}, "UDP.src_port": {"mean": 7.7087512291051725, "std": 24.90218299401821, "n": 30510}, "unixtime": {"mean": 0.0, "std": 0.8019078172498075, "n": 30510}}